"tipo_vivienda","Acceso a playa","Aire acondicionado","Calefacción","Cocina equipada","Estacionamiento","Gimnasio","Jacuzzi","Lavadora","Parrilla","Pileta","Seguridad 24hs","TV","Terraza","Vista al mar","WiFi"
"Cabaña",33.2293291731669,32.1372854914197,34.789391575663,37.1294851794072,36.3494539781591,34.789391575663,30.1092043681747,33.6973478939158,31.98127925117,35.1014040561622,31.0452418096724,37.4414976599064,33.2293291731669,30.8892355694228,32.4492979719189
"Casa",31.9604612850082,31.9604612850082,35.0906095551895,36.9028006589786,30.4777594728171,30.9719934102142,30.3130148270181,35.0906095551895,34.2668863261944,34.2668863261944,33.9373970345964,31.4662273476112,34.9258649093904,33.6079077429984,34.2668863261944
"Chalet",33.1081081081081,34.1216216216216,32.7702702702703,33.277027027027,33.1081081081081,33.1081081081081,35.1351351351351,30.0675675675676,32.7702702702703,37.6689189189189,34.9662162162162,33.7837837837838,36.3175675675676,32.9391891891892,36.4864864864865
"Departamento",36.7241379310345,27.7586206896552,35,33.6206896551724,32.2413793103448,33.7931034482759,30.6896551724138,34.8275862068965,30.5172413793103,32.9310344827586,30.8620689655172,30,32.7586206896552,34.3103448275862,32.0689655172414
"Loft",31.3793103448276,30.5172413793103,34.1379310344828,34.4827586206897,30.5172413793103,34.3103448275862,29.4827586206897,32.4137931034483,32.5862068965517,34.6551724137931,31.7241379310345,28.7931034482759,32.9310344827586,32.9310344827586,35.3448275862069
