"metodo_pago","cantidad_transacciones","monto_promedio","duracion_promedio","anticipacion_promedio","tasa_cancelacion","Económica_cantidad","Estándar_cantidad","Lujo_cantidad","Premium_cantidad","Ultra lujo_cantidad","Económica_monto_promedio","Estándar_monto_promedio","Lujo_monto_promedio","Premium_monto_promedio","Ultra lujo_monto_promedio"
"Billetera virtual",9891,189918.569002123,7.48822161561015,46.2828834293802,9.7159033464766,2053,2013,1991,1908,1926,190526.483682416,191012.527074019,187714.17579106,191046.443396226,189288.650051921
"Efectivo",9904,190173.705876414,7.51696284329564,47.9177100161551,10.2180936995153,2154,1930,2060,1827,1933,190207.153667595,194566.29119171,196453.926213592,184293.249042146,184615.818934299
"Tarjeta de crédito",60257,190184.673797235,7.50664653069353,49.3636589939758,10.1714323647045,12673,12181,12440,11368,11595,192192.683973803,189950.77686561,189247.315755627,189535.547061928,189877.782233721
"Transferencia bancaria",19948,189424.815821135,7.50812111489874,46.9323240425105,9.87066372568679,4227,4013,4118,3701,3889,191195.373787556,189586.460503364,191437.587906751,188944.08727371,185659.773977886
