"segmento_volumen","num_arrendatarios","precio_promedio","calificacion_promedio","porcentaje_superanfitrion"
"Grande",297,25333.2675084175,3.07138047138047,18.5185185185185
"Mediano",416,24949.2231570513,2.99206730769231,19.7115384615385
"Muy grande",134,25647.2467948718,3.06716417910448,22.3880597014925
"Pequeño",153,25451.4640522876,3.02222222222222,20.2614379084967
