"sexo_huesped","rango_edad_huesped","num_transacciones","calificacion_media_recibida","calificacion_media_otorgada","diferencia_media"
"Femenino","18-25",5776,3.03376038781163,3.00709833795014,-0.0266620498614958
"Femenino","26-35",6669,3.03358824411456,2.97990703253861,-0.0536812115759484
"Femenino","36-50",10057,2.975042259123,3.00865069106095,0.0336084319379537
"Femenino","51+",13416,3.00633571854502,2.99470781156828,-0.0116279069767442
"Masculino","18-25",4821,3.04480398257623,3.01742377100187,-0.0273802115743622
"Masculino","26-35",7305,3.01519507186858,3.02409308692676,0.00889801505817933
"Masculino","36-50",9002,3.00777604976672,3.00755387691624,-0.000222172850477672
"Masculino","51+",12954,2.99243476918326,2.99891925274047,0.00648448355720241
