"segmento_precio","num_arrendatarios","propiedades_promedio","calificacion_promedio","porcentaje_superanfitrion"
"Económico",40,1.775,2.995,30
"Estándar",241,2.89211618257261,3.00995850622407,20.746887966805
"Lujo",192,2.48529411764706,2.98645833333333,17.1875
"Premium",527,3.59392789373814,3.05825426944972,19.5445920303605
