"rango_edad","Anfitrión","Huésped","diferencia"
"18-25",1.9,14.96,13.06
"26-35",18.9,19.78,0.880000000000003
"36-45",19.1,17.6,-1.5
"46-55",19.8,19.4,-0.399999999999999
"56-65",17.9,19.1,1.2
"66+",22.4,9.16,-13.24
