"tipo_vivienda","Bajo","Medio","Alto","Premium"
"Cabaña",45.7098283931357,34.6333853354134,12.9485179407176,6.70826833073323
"Casa",43.6573311367381,33.9373970345964,11.2026359143328,11.2026359143328
"Chalet",44.7635135135135,31.4189189189189,14.3581081081081,9.45945945945946
"Departamento",41.0344827586207,32.5862068965517,15.1724137931034,11.2068965517241
"Loft",39.4827586206897,34.3103448275862,14.8275862068966,11.3793103448276
