"categoria","Econ칩mica","Est치ndar","Lujo","Premium","Ultra lujo"
"Econ칩mica",20.8941058941059,20.044955044955,20.6293706293706,18.8161838161838,19.6153846153846
"Est치ndar",20.9089013967063,20.6743798207213,20.3252032520325,18.7200333541797,19.3714821763602
"Lujo",21.5993068650935,19.5912542683859,20.1111054482442,18.7503185362622,19.9480148820142
"Premium",21.1876297917719,19.9191783128473,21.4345849469608,18.9257450749284,18.5328618734916
"Ultra lujo",21.0253895608587,20.5949656750572,20.6276560967636,18.7098180233192,19.0421706440013
