"categoria_antiguedad","Económica","Estándar","Lujo","Premium","Ultra lujo"
"0-6 meses",30.6666666666667,13.3333333333333,22.6666666666667,14.6666666666667,18.6666666666667
"7-12 meses",27.3913043478261,22.3913043478261,20.4347826086957,17.3913043478261,12.3913043478261
"1-2 años",32.3325635103926,21.9399538106236,19.3995381062356,12.8175519630485,13.5103926096998
"Más de 2 años",30.175048624618,22.3395387607669,20.2556265629341,13.6982495137538,13.5315365379272
