"tipo_vivienda","num_propiedades_Econ칩mico","num_propiedades_Moderado","num_propiedades_Alto","num_propiedades_Premium","calificacion_promedio_Econ칩mico","calificacion_promedio_Moderado","calificacion_promedio_Alto","calificacion_promedio_Premium","precio_promedio_Econ칩mico","precio_promedio_Moderado","precio_promedio_Alto","precio_promedio_Premium"
"Caba침a",111,197,190,143,2.88828828828829,3.06345177664975,3.03736842105263,3.0020979020979,7633.56756756757,14347.0913705584,27369.8894736842,45891.9230769231
"Casa",82,196,169,160,3.10975609756098,2.93010204081633,3.02189349112426,2.9925,7334.15853658537,14953.5102040816,27427.1360946746,43935.04375
"Chalet",98,161,160,173,3.16632653061225,3.12484472049689,3.02375,3.17976878612717,7233.58163265306,14236.9627329193,27625.4875,44512
"Departamento",77,168,173,162,2.96233766233766,2.99464285714286,3.04624277456647,2.88271604938272,7599.03896103896,14881.2083333333,27396.8497109827,44872.5432098765
"Loft",79,157,200,144,2.91772151898734,3.08726114649682,2.9795,2.95277777777778,7397.93670886076,14499.2802547771,27452.84,45732.5694444444
